,split_name_x,contract_address,contributions,creator,split_name_y,created_at
0,Stud Muffins,0x2911f8E60EF82bD7Fd15FB3992337cAACeFCA47f,"[{'value': 0.01, 'hash': '0x0ba912bbe3a836e03d50f92e900ffb3d3e8a8204805cbcf50d4cc605d9ba9cc8', 'from': '0xd1d43e08815a1806881454812cb26fe689205682', 'to': '0x2911f8e60ef82bd7fd15fb3992337caacefca47f', 'asset': 'ETH', 'category': 'external'}]",0x942cbea64876ff0b2e23c0712b37dc0091804e9c,Stud Muffins,58:09.5
1,Power to the Person NFT Split,0xE888a47044D3395A71c505577b8835d62aFaaf17,"[{'value': 2.19, 'hash': '0xa6168b76b2f3e1119867f6f9a8ec4be1dca8590fd0671798e0a43b3107a1e1e5', 'from': '0x835f86ff1670917a786b72d1fd8dcc385e27dd77', 'to': '0xe888a47044d3395a71c505577b8835d62afaaf17', 'asset': 'ETH', 'category': 'internal'}]",0x2920a3192613d8c42f21b64873dc0ddfcbf018d4,Power to the Person NFT Split,45:39.3
2,Twitter Distribution QA,0xa746021cB13C2f86907Fc4C0b3F3A2b23c59f357,"[{'value': 0.001, 'hash': '0xe5a3b40791c6f2c8e855ffd8537d5d9a076f7079b506bd7b11d5fac4a0211397', 'from': '0xd1d43e08815a1806881454812cb26fe689205682', 'to': '0xa746021cb13c2f86907fc4c0b3f3a2b23c59f357', 'asset': 'ETH', 'category': 'external'}]",0x942cbea64876ff0b2e23c0712b37dc0091804e9c,Twitter Distribution QA,58:09.5
3,Power to the Person Twitter Airdrop,0xdD0De8c18Fcb4fF092A50b7a6BE4620325407049,"[{'value': 0.219, 'hash': '0xa1d5c32780385b636f65ffe5180d9d6b1454d320171767ae79128d5647423606', 'from': '0x2920a3192613d8c42f21b64873dc0ddfcbf018d4', 'to': '0xdd0de8c18fcb4ff092a50b7a6be4620325407049', 'asset': 'ETH', 'category': 'external'}]",0x942cbea64876ff0b2e23c0712b37dc0091804e9c,Power to the Person Twitter Airdrop,58:09.5
4,Splits v2,0x35c80800210Aa944F16C25FbB788246640AE0Ab0,"[{'value': 0.001, 'hash': '0xb54487e7923f35606c801c2c1d590c310a29e806b1864155e23d9355d2fc8ff8', 'from': '0x942cbea64876ff0b2e23c0712b37dc0091804e9c', 'to': '0x35c80800210aa944f16c25fbb788246640ae0ab0', 'asset': 'ETH', 'category': 'external'}]",0x942cbea64876ff0b2e23c0712b37dc0091804e9c,Splits v2,58:09.5
5,Planck Root Split,0xb288D65d059671B852aF36B61B1545DB282aBCBb,"[{'value': 0.3125, 'hash': '0x37599e4343859681f4e79f375314901decf16b816f7af188c13983bd62ebf4e9', 'from': '0xb8d68917bec2dda4c336198cc63b828a4ba58b24', 'to': '0xb288d65d059671b852af36b61b1545db282abcbb', 'asset': 'ETH', 'category': 'internal'}]",0x5ba02f4ff6af1d9d2af8774d10fd32eb57d4e2e6,Planck Root Split,11:26.0
6,R1 Level Split,0xb8d68917BEC2ddA4C336198CC63B828A4ba58b24,"[{'value': 1.25, 'hash': '0x0a757c1bca6e6ee70dc46146ff8eab3dfa16a1357b6f3f4b0dd34f6226c8befa', 'from': '0x835f86ff1670917a786b72d1fd8dcc385e27dd77', 'to': '0xb8d68917bec2dda4c336198cc63b828a4ba58b24', 'asset': 'ETH', 'category': 'internal'}]",0x5ba02f4ff6af1d9d2af8774d10fd32eb57d4e2e6,R1 Level Split,11:26.0
7,Stem III Paint,0x8BfecBd8F5F4214FD59f82382C092284bE150c4b,"[{'value': 0.45, 'hash': '0xcc64217e8f5a7fcc9c8cc895f3b432c422624074245592d2aadfc378b0626645', 'from': '0x835f86ff1670917a786b72d1fd8dcc385e27dd77', 'to': '0x8bfecbd8f5f4214fd59f82382c092284be150c4b', 'asset': 'ETH', 'category': 'internal'}]",0xb0623c91c65621df716ab8afe5f66656b21a9108,Stem III Paint,54:32.4
8,"""Hold On Hope"" by Driftwood TX",0x142Ca9EDac4726B4BB6c5Bb0451eFC1D88F32bb4,"[{'value': 0.9225000000000001, 'hash': '0x02d8efef66f8e0aedc0da5e9164b2c20c814042326ed9e82176e9d507933ec07', 'from': '0x835f86ff1670917a786b72d1fd8dcc385e27dd77', 'to': '0x142ca9edac4726b4bb6c5bb0451efc1d88f32bb4', 'asset': 'ETH', 'category': 'internal'}, {'value': 0.3075, 'hash': '0x9b560a077c6cf09e6239cc2f9c75bb76e57aba65b714222d36d8221bddb53474', 'from': '0xc333106ccc4e8a75aa102899d0654f38730f16d6', 'to': '0x142ca9edac4726b4bb6c5bb0451efc1d88f32bb4', 'asset': 'ETH', 'category': 'external'}, {'value': 0.002, 'hash': '0xc8f3fb2d5f12d009b821f26edab75db6ca888b222ae19c8bbaaf969d2cbcf324', 'from': '0x49cda2b8a28345388e499ee94b9abd75dac5d9e3', 'to': '0x142ca9edac4726b4bb6c5bb0451efc1d88f32bb4', 'asset': 'ETH', 'category': 'external'}]",0xfc4852b5e3af65058cdfe1d1dce26946c0c1975f,"""Hold On Hope"" by Driftwood TX",19:57.2
9,"""Antid0t3"" by Rainbow Punch",0x5183Ee697C9BA7f70D6913C5fE4c26C9544b9840,"[{'value': 5.4975, 'hash': '0x0ccb828c05c66bed7681c7bef47f6219892a8a2a9f0660d2fa19d5a24df4f7d7', 'from': '0x835f86ff1670917a786b72d1fd8dcc385e27dd77', 'to': '0x5183ee697c9ba7f70d6913c5fe4c26c9544b9840', 'asset': 'ETH', 'category': 'internal'}, {'value': 1.8325, 'hash': '0x9bd4c5c51173ca02b2b1c440d5d52d7a176974d3a49fdb986d18cea916d7c082', 'from': '0xc4f1051c5bd738fd7cf0f6e680c6c0a8b6157aee', 'to': '0x5183ee697c9ba7f70d6913c5fe4c26c9544b9840', 'asset': 'ETH', 'category': 'external'}]",0xfc4852b5e3af65058cdfe1d1dce26946c0c1975f,"""Antid0t3"" by Rainbow Punch",19:57.2
10,"""Static Twist"" by The Lunar Veil",0xD5a7f09d6DeAadB11Bb23d4d59622CC74736a476,"[{'value': 1.1175, 'hash': '0x78bbeda1bf229cfac2f31085b16c15b8669c2585a2368c8e8ca295683992b864', 'from': '0x835f86ff1670917a786b72d1fd8dcc385e27dd77', 'to': '0xd5a7f09d6deaadb11bb23d4d59622cc74736a476', 'asset': 'ETH', 'category': 'internal'}, {'value': 0.3725, 'hash': '0x1151739e26114a949ae0b4dc73503d5562c8070f007225f648e17d8897e43edc', 'from': '0xa21e4034674a3e8f4bf58b064946879394d788df', 'to': '0xd5a7f09d6deaadb11bb23d4d59622cc74736a476', 'asset': 'ETH', 'category': 'external'}]",0xfc4852b5e3af65058cdfe1d1dce26946c0c1975f,"""Static Twist"" by The Lunar Veil",19:57.2
11,Cope #01 Split,0xaa9Db6448c78Ba0e14c45dB0f70a14DA81E7A8bC,"[{'value': 1, 'hash': '0xdca204fe35d45af5b1e944c531ecab056eace97bc42d1d3db528f6c086a0ddb2', 'from': '0xb0c813151d18482a914a2b95b1a25d020532bb36', 'to': '0xaa9db6448c78ba0e14c45db0f70a14da81e7a8bc', 'asset': 'ETH', 'category': 'internal'}]",0x5e692fe3d06414d75380604ba202c7d5ed94f219,Cope #01 Split,17:51.7
12,Infinite Players,0xc811597463a2A5ec2dda2291fF3F35938dE48702,"[{'value': 1.755, 'hash': '0xa8c2b9b31d7c85b964378580258f307d5b9141feaaa02e21d8ca6eb508ca8d23', 'from': '0x835f86ff1670917a786b72d1fd8dcc385e27dd77', 'to': '0xc811597463a2a5ec2dda2291ff3f35938de48702', 'asset': 'ETH', 'category': 'internal'}]",0xc8f8e2f59dd95ff67c3d39109eca2e2a017d4c8a,Infinite Players,24:52.5
13,Infinite Players,0xe778cB6e4862b96BDD1431F57B954EE3e04679Ea,[],0xc8f8e2f59dd95ff67c3d39109eca2e2a017d4c8a,Infinite Players,24:52.5
14,Mint Fund Recap Series - Batch 01,0x32d3d3E3f45AE4594e9490Fab65025C928925D84,"[{'value': 0.9500000000000001, 'hash': '0x3558bf565696bac88d11c30333b48026fbac60203d84bda5995e5c29503d2f98', 'from': '0x835f86ff1670917a786b72d1fd8dcc385e27dd77', 'to': '0x32d3d3e3f45ae4594e9490fab65025c928925d84', 'asset': 'ETH', 'category': 'internal'}]",0x662d5d79849113a5403af776210307a7c82a5267,Mint Fund Recap Series - Batch 01,24:32.3
15,Colin and Samir,0xdD1E7d2D6549a45818c92A9398045Df74055CDF8,"[{'value': 0.9, 'hash': '0x359c91bff3b27ccf15cd4bcb794418344b2c73a6ef4c284072c58ed03afd84f5', 'from': '0xc63a26a74326076feb89040586ffcdced3b42bf5', 'to': '0xdd1e7d2d6549a45818c92a9398045df74055cdf8', 'asset': 'ETH', 'category': 'external'}]",0xc63a26a74326076feb89040586ffcdced3b42bf5,Colin and Samir,54:27.7
16,Thought Partners,0x2b1138A1294fC56269ec66A2F17a6d1575473844,"[{'value': 0.23800000000000002, 'hash': '0x4b9a4a80a44f8f4452ccb6af37227f6cdefef0a0b7034939bab171bfa31f81fd', 'from': '0x835f86ff1670917a786b72d1fd8dcc385e27dd77', 'to': '0x2b1138a1294fc56269ec66a2f17a6d1575473844', 'asset': 'ETH', 'category': 'internal'}]",0xcc65fa278b917042822538c44ba10ad646824026,Thought Partners,47:41.5
17,The proceeds of this NFT will go towards protocol treasuries mentioned and the co-authors of this post.,0x27E3Fdccc6e4f422f4Cc0961294e907F5f31284B,"[{'value': 0.5, 'hash': '0x68180727bbebfd8b400d1a2ff65a7727b57840c63ceb748b3e4a956ea98e8af3', 'from': '0xc2f82a1f287b5b5aebff7c19e83e0a16cf3bd041', 'to': '0x27e3fdccc6e4f422f4cc0961294e907f5f31284b', 'asset': 'UNI', 'category': 'token'}, {'value': 0.01, 'hash': '0xe4b9e7cd591d2dd601f25220e16e67a95eb0d0a585ef3d45f7fc57d3b1c930e9', 'from': '0xbb3f043290841b97b9c92f6bc001a020d4b33255', 'to': '0x27e3fdccc6e4f422f4cc0961294e907f5f31284b', 'asset': 'ETH', 'category': 'external'}, {'value': 0.0001, 'hash': '0x45d8696c31579a0ea27cbff2bcf7646e8ff41419b1f78d53c5d9ea61e6823d0f', 'from': '0x3bf34af536e7f2d20172ba58a6e7c781379fb4f3', 'to': '0x27e3fdccc6e4f422f4cc0961294e907f5f31284b', 'asset': 'ETH', 'category': 'external'}]",0x7fdca0a469ea8b50b92322afc0215b67d56a5e9a,The proceeds of this NFT will go towards protocol treasuries mentioned and the co-authors of this post.,32:11.1
18,Attributions,0x38f60E0C7599Ac3088fBEea7552e3064E3C34D40,"[{'value': 0.002, 'hash': '0x51040844b37376251dde92b45bc39c1817b45ad75346c73eef520ba381a6bd33', 'from': '0x2d19343f60329c79041993704d22801046f3488a', 'to': '0x38f60e0c7599ac3088fbeea7552e3064e3c34d40', 'asset': 'ETH', 'category': 'external'}, {'value': 0.001, 'hash': '0x16c5543e8097b91fd8a7c7e6369e9f1fe2e3e932cc61605378be960b9332b1c0', 'from': '0x28f8056b6d87f3a92373a9403fbfea1a2da51904', 'to': '0x38f60e0c7599ac3088fbeea7552e3064e3c34d40', 'asset': 'ETH', 'category': 'external'}, {'value': 0.001, 'hash': '0xa433291f1373fb2353daba4509be3586e2a50390b225fa6e3c53d495900c3d3a', 'from': '0x36cd7d891dc5e5fcbc2a900da4ec94a900ab4291', 'to': '0x38f60e0c7599ac3088fbeea7552e3064e3c34d40', 'asset': 'ETH', 'category': 'external'}, {'value': 0.1, 'hash': '0xd1e415d49b56cb287232e80bbcfd850f2c616129cd0b818bbe96889dc2d43e35', 'from': '0x442dccee68425828c106a3662014b4f131e3bd9b', 'to': '0x38f60e0c7599ac3088fbeea7552e3064e3c34d40', 'asset': 'ETH', 'category': 'external'}, {'value': 0.01, 'hash': '0x3e73417be7525dda61a66bddd93b7c127e5cc83f354245785e7e746bab767c47', 'from': '0x6a5887dd4cb95971d7058f8527ce7f7df75d48b9', 'to': '0x38f60e0c7599ac3088fbeea7552e3064e3c34d40', 'asset': 'ETH', 'category': 'external'}]",0x7fdca0a469ea8b50b92322afc0215b67d56a5e9a,Attributions,32:11.1
19,The Rise of Micro-Economies,0x7097bc88487559d3495de0FdC062F38efCBb865e,"[{'value': 0.002, 'hash': '0x6427f0eef307deb18f36819c12195f25a79d52da9ceac09cca01cbe5a3d3a853', 'from': '0xd0bd27c7bcbd0ce9310271989f0f2640c143542f', 'to': '0x7097bc88487559d3495de0fdc062f38efcbb865e', 'asset': 'ETH', 'category': 'external'}, {'value': 0.01, 'hash': '0x3f44ce1e3fb8d0c259f6f4231946a1da38f63a348c1adc283c4474df2153c36e', 'from': '0x742b97dc68bcc3475feb734c2df2c76f25664532', 'to': '0x7097bc88487559d3495de0fdc062f38efcbb865e', 'asset': 'ETH', 'category': 'external'}, {'value': 0.1, 'hash': '0xbdae2f4e068562d073f46d2a709c0a366b8300b58edac5e4e16e1c371bd8a5b6', 'from': '0x8fac841807e21807f511daf3c04a34cd78661f4c', 'to': '0x7097bc88487559d3495de0fdc062f38efcbb865e', 'asset': 'ETH', 'category': 'external'}, {'value': 0.04, 'hash': '0x778405125a8fdd585f8a4e4137ab8262d62f6cda32db85990b505af279f352c2', 'from': '0x8be3fd8a423c38131aae0330b20ceec425e0e50e', 'to': '0x7097bc88487559d3495de0fdc062f38efcbb865e', 'asset': 'ETH', 'category': 'external'}, {'value': 0.01, 'hash': '0x9599acfb51482d7f25dcb1a32e988c86642718a1028ec5cf1855977a37c329ea', 'from': '0xc730eb609904f7e7e1388d25dd2cb97fd5b0bec8', 'to': '0x7097bc88487559d3495de0fdc062f38efcbb865e', 'asset': 'ETH', 'category': 'external'}]",0x46301f7e700be9cffce3e5e142a2244df3f2d4f2,The Rise of Micro-Economies,59:45.7
20,The journey to releasing my first NFT,0xf1C7D68F280Df976fe9D70Baa37B5b4F2d8Fc9D3,[],0x2bd5d2e3d5852ad9960638083cb7c9f493e7a597,The journey to releasing my first NFT,06:23.3
21,"Gitcoin, ETHGlobal and Mint Fund Split",0x92b6006233EF63DaBfb3A8FFaeD8b5914592A7eC,"[{'value': 0.015, 'hash': '0xe70d89355ef690d4720d5bb1b3f665325cd1f2733f7ba4ee43208f45d318986e', 'from': '0x016c8780e5ccb32e5caa342a926794ce64d9c364', 'to': '0x92b6006233ef63dabfb3a8ffaed8b5914592a7ec', 'asset': 'ETH', 'category': 'external'}, {'value': 0.01, 'hash': '0x75ba085d9ef000681ef4de9b70804061cb3d633233cc691edaa154e40f1f3371', 'from': '0x05a1ff0a32bc24265bcb39499d0c5d9a6cb2011c', 'to': '0x92b6006233ef63dabfb3a8ffaed8b5914592a7ec', 'asset': 'ETH', 'category': 'external'}, {'value': 0.1, 'hash': '0x31f35307714a1a2c7167a02ff3d623ff913c037faee71186d87cab1ee5a0afa2', 'from': '0x6979210e46ba4b7eb6cc303c7b32f768ec3e27c5', 'to': '0x92b6006233ef63dabfb3a8ffaed8b5914592a7ec', 'asset': 'ETH', 'category': 'external'}, {'value': 0.002, 'hash': '0x5fc5687a46257ce2bede14b29b149a0a84df70607eb1a4824be84739f0d66b08', 'from': '0x49cda2b8a28345388e499ee94b9abd75dac5d9e3', 'to': '0x92b6006233ef63dabfb3a8ffaed8b5914592a7ec', 'asset': 'ETH', 'category': 'external'}, {'value': 0.05, 'hash': '0xcd312677dc8fab3537d332318eab6d429ba4bbee707a7ed4372b919457b8f336', 'from': '0x225516233e7601c68dd5b586a88a52b21eb56204', 'to': '0x92b6006233ef63dabfb3a8ffaed8b5914592a7ec', 'asset': 'ETH', 'category': 'external'}]",0x9651b2a7aa9ed9635ce896a1af1a7d6294d5e902,"Gitcoin, ETHGlobal and Mint Fund Split",41:10.1
22,SYNESTHESIA SPLIT,0xf36dEdd26299176BDBFf6D89802cC32e8C963e7b,[],0xeb95ff72eab9e8d8fdb545fe15587accf410b42e,SYNESTHESIA SPLIT,28:30.4
23,SECRET PARTY SPLIT,0xAdc5e09f4494385758bF33237da20fa58bfAa820,[],0xeb95ff72eab9e8d8fdb545fe15587accf410b42e,SECRET PARTY SPLIT,28:30.4
24,Matthew Chaim x Danny Majic,0x10A2185B9Cd5A5fDd98e5b3743d01f959F89Bd47,"[{'value': 0.75, 'hash': '0xa63bda13ce1a7e403cd7c0c62d7b7f03fff71ac6067f59561bf0e1c36f021a7e', 'from': '0x835f86ff1670917a786b72d1fd8dcc385e27dd77', 'to': '0x10a2185b9cd5a5fdd98e5b3743d01f959f89bd47', 'asset': 'ETH', 'category': 'internal'}, {'value': 0.25, 'hash': '0x7f6c29b9209681f7a59c169147e326aa3aa26f747b0798e7def2eb7e87f9acd4', 'from': '0x5090c4fead5be112b643bc75d61bf42339675448', 'to': '0x10a2185b9cd5a5fdd98e5b3743d01f959f89bd47', 'asset': 'ETH', 'category': 'external'}, {'value': 0.75, 'hash': '0xa0a5179994dd33ccfef7414a93537da27959e1ed0713dd65af3972468399fac0', 'from': '0x835f86ff1670917a786b72d1fd8dcc385e27dd77', 'to': '0x10a2185b9cd5a5fdd98e5b3743d01f959f89bd47', 'asset': 'ETH', 'category': 'internal'}, {'value': 0.25, 'hash': '0xf52e7e8aa64f2d8e01e40eb6a391c055b257a6385f9774c8dafcee04ff203764', 'from': '0x5090c4fead5be112b643bc75d61bf42339675448', 'to': '0x10a2185b9cd5a5fdd98e5b3743d01f959f89bd47', 'asset': 'ETH', 'category': 'external'}]",0x5090c4fead5be112b643bc75d61bf42339675448,Matthew Chaim x Danny Majic,04:40.6
25,Matthew Chaim x Rabitt x Barry Rashawn,0x0A9F7A2724dA05747bFe69c985e4956344Bd428F,"[{'value': 0.75, 'hash': '0x527e5ee36360ec03a6b07e17a09ca0629e28b67adcc436afe86ca59c9dd1570e', 'from': '0x835f86ff1670917a786b72d1fd8dcc385e27dd77', 'to': '0x0a9f7a2724da05747bfe69c985e4956344bd428f', 'asset': 'ETH', 'category': 'internal'}, {'value': 0.25, 'hash': '0x913e296d692147318e4313b520afc170d7365dc23af7d63fe79603e0c49b16b6', 'from': '0x5090c4fead5be112b643bc75d61bf42339675448', 'to': '0x0a9f7a2724da05747bfe69c985e4956344bd428f', 'asset': 'ETH', 'category': 'external'}]",0x5090c4fead5be112b643bc75d61bf42339675448,Matthew Chaim x Rabitt x Barry Rashawn,04:40.6
26,Matthew Chaim x Rabitt x Hayley Gene Penner,0x1f6C596eFd4d1223eeE7D19c41C649f3008aD7E5,[],0x5090c4fead5be112b643bc75d61bf42339675448,Matthew Chaim x Rabitt x Hayley Gene Penner,04:40.6
27,PleasrDAO✨ Tippies,0x8F81b72Ae6BbA78F7ad434c0B3254FF5277aea91,"[{'value': 0.069, 'hash': '0x0fd7d009be4aa61014aeccbf7d571771ab3b4218f7afc0688af4f879ae7fea89', 'from': '0x46301f7e700be9cffce3e5e142a2244df3f2d4f2', 'to': '0x8f81b72ae6bba78f7ad434c0b3254ff5277aea91', 'asset': 'ETH', 'category': 'external'}, {'value': 0.01, 'hash': '0x7c6852e2e652af3653b62d6f57a063731bb2bce8e3203b5ded5c11da706c7229', 'from': '0xf627e5f4bad95a956468d8bb6ee20b119f992e96', 'to': '0x8f81b72ae6bba78f7ad434c0b3254ff5277aea91', 'asset': 'ETH', 'category': 'external'}, {'value': 0.001, 'hash': '0x7817d855d623591e606ec73809e0fdc12c9252d76dff1442c5d7e421dbbcbb33', 'from': '0x1c175fdca70f2f1bbe04e3075aa9f968d35e6eb8', 'to': '0x8f81b72ae6bba78f7ad434c0b3254ff5277aea91', 'asset': 'ETH', 'category': 'external'}, {'value': 0.1, 'hash': '0xb12f2469481cb6bcd66ab9ecf98de97645caa0727e6657383cdcf0c7b7e6880e', 'from': '0xede64a571cfe98b936271b935a955620f387e05a', 'to': '0x8f81b72ae6bba78f7ad434c0b3254ff5277aea91', 'asset': 'ETH', 'category': 'external'}, {'value': 0.05, 'hash': '0x5bbbd79e8116bcb730f603c7a1992bca6ee83f96c2f3a9a69ed5b9171b28751c', 'from': '0x14b889b25e70f60d8dc0aa5f10c83680add61351', 'to': '0x8f81b72ae6bba78f7ad434c0b3254ff5277aea91', 'asset': 'ETH', 'category': 'external'}, {'value': 0.01, 'hash': '0xe0ac5052846f492f81fb30989a334b19c12ed4a35a28e0503cfc3fec6aa24598', 'from': '0xbb3f043290841b97b9c92f6bc001a020d4b33255', 'to': '0x8f81b72ae6bba78f7ad434c0b3254ff5277aea91', 'asset': 'ETH', 'category': 'external'}, {'value': 0.05, 'hash': '0x18a1715b871e6624a958c7588f0da78fe9a7faf2f6f15e6b624ad935cee93e7d', 'from': '0x08e5f4670b8e70fe77d952ba0fbbf9f4762aaf73', 'to': '0x8f81b72ae6bba78f7ad434c0b3254ff5277aea91', 'asset': 'ETH', 'category': 'external'}]",0x9e64b47bbdb9c1f7b599f11987b84c416c0c4110,PleasrDAO✨ Tippies,00:57.6
28,URL to IRL,0x0A119024e85dB89f78769776FF556518d48d6f50,[],0xcacea967ae0d35d2a006bb63ec557fd8a6f013db,URL to IRL,38:21.4
29,$ZINE - Proof of History - Vol. 1,0x2a8126E4B93dd300b9D85CA9aaf226Aa61B54465,[],0x9428ca8b5fe52c33bd0bd7222d719d788b6467f4,$ZINE - Proof of History - Vol. 1,40:59.0
30,Beacon Book,0x4Eb0D2b356da831aC613aEf9EC3D705d78DFd197,[],0xc57c5ae582708e619ec1ba7513480b2e7540935f,Beacon Book,16:01.7
31,EIP-1559 Contributors,0x70d24D352E5DEbffD89dE5308c95b60d7a3De84A,[],0xc57c5ae582708e619ec1ba7513480b2e7540935f,EIP-1559 Contributors,16:01.7
32,Evolution of the FWB DAO,0x6EAdcde6dDbf3B5f4754097A221C32e84A011529,"[{'value': 0.01, 'hash': '0x8fa35a188f0f60b6f2c502369397d4155885a5f2b9aab3420d404171c36bc38c', 'from': '0xf627e5f4bad95a956468d8bb6ee20b119f992e96', 'to': '0x6eadcde6ddbf3b5f4754097a221c32e84a011529', 'asset': 'ETH', 'category': 'external'}, {'value': 0.01, 'hash': '0x01c3a13f77628d96fd41a8b19c6b5251b95a63fd907e197d3fe5053b1822c847', 'from': '0x7d0068d0d8fc2aa15d897448b348fa9b30f6d4c9', 'to': '0x6eadcde6ddbf3b5f4754097a221c32e84a011529', 'asset': 'ETH', 'category': 'external'}, {'value': 0.01, 'hash': '0xaedd505aceba5f6eb23ab52726709ce1e97344e2181854c23b3398f422a2182e', 'from': '0x6fb95992d0b384fbd51ca686f11a446048f65bab', 'to': '0x6eadcde6ddbf3b5f4754097a221c32e84a011529', 'asset': 'ETH', 'category': 'external'}, {'value': 0.02, 'hash': '0x8295f68a1bea86310927bad30ff9e4cc66f6c01127fa60a0811d97cb8bff2734', 'from': '0x66c7fe6d7e15049d4f432dc7e189ee76e17f8fef', 'to': '0x6eadcde6ddbf3b5f4754097a221c32e84a011529', 'asset': 'ETH', 'category': 'external'}]",0xf35880094dc18df096891e4ccb51212d00311b86,Evolution of the FWB DAO,55:38.4
33,Data Bites #1 - Social Tokens Growth,0x3114Ce049Af6372953d335C64f49A336b8984aba,[],0xabaf40768e575beb3244df2853a0505cb2d2e4bb,Data Bites #1 - Social Tokens Growth,21:55.6
34,All SaaS Should be Tokenized,0x7A2E8d566871c6a212B5db21B0DADaA8aDaeF756,"[{'value': 0.01, 'hash': '0x883aed960ad39cf089044177d0c64a6beabcf0cff090fa80ae45e1eeaeee2a16', 'from': '0x4303ddc9943d862f2b205af468a4a786c5137e76', 'to': '0x7a2e8d566871c6a212b5db21b0dadaa8adaef756', 'asset': 'ETH', 'category': 'external'}]",0x4303ddc9943d862f2b205af468a4a786c5137e76,All SaaS Should be Tokenized,30:29.5
35,DAO Landscape,0xa01Ed7E91835c82C21FF0cB823b859757Bc8be57,"[{'value': 0.05, 'hash': '0xa535c2d86cf71c06eeb6f2ed74cfb9e2d6265a982da89dd8acb78583446a3ecf', 'from': '0x320562f05baeeed8aa76a0110008bf0c8c156a8f', 'to': '0xa01ed7e91835c82c21ff0cb823b859757bc8be57', 'asset': 'ETH', 'category': 'external'}, {'value': 0.1, 'hash': '0xe26af3a2b2992028a090d77f4c6152d7aff0664eb1b08fc4e2ca4fb999b32b88', 'from': '0xbc62985faabed27a8f174cbd5ea1ee7b1ed8fc12', 'to': '0xa01ed7e91835c82c21ff0cb823b859757bc8be57', 'asset': 'ETH', 'category': 'external'}, {'value': 0.005, 'hash': '0xb6b2aafb193fb21c3eddb3e0f11b40a33dd4dbc24807ba5d10f59c80c56fa8c9', 'from': '0x64eb4e3cae1c6baf4eb6f07c3506ec9063d9301c', 'to': '0xa01ed7e91835c82c21ff0cb823b859757bc8be57', 'asset': 'ETH', 'category': 'external'}, {'value': 0.001, 'hash': '0x0a75552ae15a8bcd2b672cec2702e09a64b0146075ed8b77644c35c9c44deb12', 'from': '0x4cf457e6226d7add647915935047eb982465bcda', 'to': '0xa01ed7e91835c82c21ff0cb823b859757bc8be57', 'asset': 'ETH', 'category': 'external'}, {'value': 0.01, 'hash': '0xe2a40356ae317d71ea7431c9ce02649eab8ef15e3b36fb6239c742b5e141b9a0', 'from': '0x6a26afb01ff57e827079658238858d55774ca2d5', 'to': '0xa01ed7e91835c82c21ff0cb823b859757bc8be57', 'asset': 'ETH', 'category': 'external'}, {'value': 0.01, 'hash': '0xb7a5c0d7be00b067d609c404730055e92bd27cf2e0377fb2a18a255a79cc4a68', 'from': '0x5743e4384d2144b7c3f395e66d70d284b60e081c', 'to': '0xa01ed7e91835c82c21ff0cb823b859757bc8be57', 'asset': 'ETH', 'category': 'external'}, {'value': 0.002, 'hash': '0x64a0045723ffff0b433d5151c3f1bd9023548ad1032036d47bdc61d5a3394fbb', 'from': '0xd286064cc27514b914bab0f2fad2e1a89a91f314', 'to': '0xa01ed7e91835c82c21ff0cb823b859757bc8be57', 'asset': 'ETH', 'category': 'external'}]",0x46301f7e700be9cffce3e5e142a2244df3f2d4f2,DAO Landscape,59:45.7
36,CO:QUO panel recap,0x9B30a3D0a6577059eBE1f5D674Ecf34FCb0716CA,"[{'value': 0.005, 'hash': '0x57fc6c2d68ec0957303dee1f912fb2965db997a44645ef4efcf64f0e3f1ec1b5', 'from': '0xaabafc21f2e2063bbf47cf9d1d9e1288734396ef', 'to': '0x9b30a3d0a6577059ebe1f5d674ecf34fcb0716ca', 'asset': 'ETH', 'category': 'external'}, {'value': 0.005, 'hash': '0x75ccb5148cc6f0292c19027dbe9fe7b694d31aebef6edcc77392d8fb5196dca6', 'from': '0x3f8d734e588f62a3110f00745a7b85839529d1fe', 'to': '0x9b30a3d0a6577059ebe1f5d674ecf34fcb0716ca', 'asset': 'ETH', 'category': 'external'}, {'value': 0.01, 'hash': '0x08a100622b4e01eb72e14d07b97b051bd68796b3ff55427a4c2b534002f8ddd5', 'from': '0xe612d9c2a9ba0ff4403f4f7ea87d5be4290ac7b9', 'to': '0x9b30a3d0a6577059ebe1f5d674ecf34fcb0716ca', 'asset': 'ETH', 'category': 'external'}]",0x03e9206f2a1234fefad2c0b07a86b1e0f5cb8d0d,CO:QUO panel recap,16:03.8
37,Motherland Super NFT Royalty,0xBf885eff48Cce456E9CD1e9b73A793956c92420D,[],0xeb95ff72eab9e8d8fdb545fe15587accf410b42e,Motherland Super NFT Royalty,28:30.4
38,Support every artist at once 💽,0x977e5C178f3308e831D035b1b508602348F6ddCe,"[{'value': 0.05, 'hash': '0xfb441bc30170d79966f023130d4c0d5e014169a48f84f19f7568ba0027fcdc9b', 'from': '0xfa8ba20f71d959dd3a51ce15d89fac03c24cf392', 'to': '0x977e5c178f3308e831d035b1b508602348f6ddce', 'asset': 'ETH', 'category': 'external'}, {'value': 0.02, 'hash': '0xef1254d1030498c60b01a39997ae9423edd22fb065da84914c3e735302ee15fa', 'from': '0xbd9173f0388ecc5b34eec741effb8cb35bd5d6cc', 'to': '0x977e5c178f3308e831d035b1b508602348f6ddce', 'asset': 'ETH', 'category': 'external'}, {'value': 0.017, 'hash': '0x6b22ac89c06cf686bbce04c0c8c8985025f7287f581e8a40784868cbbaee5bac', 'from': '0xe4cbda373d6a445f83fc9125c6230ba58bc08320', 'to': '0x977e5c178f3308e831d035b1b508602348f6ddce', 'asset': 'ETH', 'category': 'external'}]",0xfa8ba20f71d959dd3a51ce15d89fac03c24cf392,Support every artist at once 💽,22:45.8
39,Aaand I'm tired again,0x96e8A6C068C1d82e6ae238862D5E1FA9ce5D55eB,[],0x2bd5d2e3d5852ad9960638083cb7c9f493e7a597,Aaand I'm tired again,06:23.3
40,Ways to improve the ownership economy,0x2C75D09C7f971bc4424CdCc08a82697C806a27F2,"[{'value': 0.005, 'hash': '0xd1aa62d910c918a7e55486b13df0742afdf3d35b72486111f569a8b89611389b', 'from': '0xe90a7fa9907fb58e1b5a30bf9250c6691353d33c', 'to': '0x2c75d09c7f971bc4424cdcc08a82697c806a27f2', 'asset': 'ETH', 'category': 'external'}, {'value': 0.01, 'hash': '0x5d808738b5f2d884c51af00fe77be736348d0761dd6349434da841247a6f5384', 'from': '0xfb4974917850d9d82d812dd49221eb0b4c2f240e', 'to': '0x2c75d09c7f971bc4424cdcc08a82697c806a27f2', 'asset': 'ETH', 'category': 'external'}]",0xabaf40768e575beb3244df2853a0505cb2d2e4bb,Ways to improve the ownership economy,21:55.6
41,MUSIC x Blockchain,0x31F5242b4BaEA2e1AEeC0e8181C66C5B224eE96c,"[{'value': 0.00043078009968200003, 'hash': '0x4d25ecc81e54c56684629d101dcb44d56d445a6e55e8241dc7095e00e123fdca', 'from': '0xe612d9c2a9ba0ff4403f4f7ea87d5be4290ac7b9', 'to': '0x31f5242b4baea2e1aeec0e8181c66c5b224ee96c', 'asset': 'ETH', 'category': 'external'}]",0xe612d9c2a9ba0ff4403f4f7ea87d5be4290ac7b9,MUSIC x Blockchain,39:09.6
42,NFTs & the Meme Economy,0x9Baa2a255282C7c71321488626293Fe8737Fb8ef,[],0x4303ddc9943d862f2b205af468a4a786c5137e76,NFTs & the Meme Economy,30:29.5
43,Portal to Elektra,0xCDD8CB90B5585B3F0c35f5Df3a6b4fd73f52D205,"[{'value': 0.02, 'hash': '0xfd0cc93fad1c074c896db17b6422e5ec5d82a19f46acaafd0bbc3e664d4decde', 'from': '0x46301f7e700be9cffce3e5e142a2244df3f2d4f2', 'to': '0xcdd8cb90b5585b3f0c35f5df3a6b4fd73f52d205', 'asset': 'ETH', 'category': 'external'}, {'value': 0.05, 'hash': '0x24cc1973a1b9a1c1613b9b7fbc23c413210ffed70987c04219663f5f60e73e03', 'from': '0xeb95ff72eab9e8d8fdb545fe15587accf410b42e', 'to': '0xcdd8cb90b5585b3f0c35f5df3a6b4fd73f52d205', 'asset': 'ETH', 'category': 'external'}, {'value': 1.035, 'hash': '0x56f686520baea80090f5f588fa3d3345906b1ddbdd001684c3f09f38a808ae0d', 'from': '0xf282f6f86d7ea7fafe85c6d2e9bfd37643224db9', 'to': '0xcdd8cb90b5585b3f0c35f5df3a6b4fd73f52d205', 'asset': 'ETH', 'category': 'internal'}, {'value': 0.34500000000000003, 'hash': '0x02d3aac0ea321632900f76f00a162948ffffd40ad2daf00c44890b4e64d29ee5', 'from': '0xfc4852b5e3af65058cdfe1d1dce26946c0c1975f', 'to': '0xcdd8cb90b5585b3f0c35f5df3a6b4fd73f52d205', 'asset': 'ETH', 'category': 'external'}, {'value': 0.1, 'hash': '0x651299125ffcf9e45594b657d2985ed511878986673d0402e90b9187ff172610', 'from': '0xb97a251df2672b0e252b28a96857a8ace9929ccc', 'to': '0xcdd8cb90b5585b3f0c35f5df3a6b4fd73f52d205', 'asset': 'ETH', 'category': 'external'}]",0xfc4852b5e3af65058cdfe1d1dce26946c0c1975f,Portal to Elektra,19:57.2
44,"Gitcoin Grants, Axie scholarships, First Mint Fund",0xC89ae0710A76B303Ad819159c02a9b4e7578075D,[],0x5e349eca2dc61abcd9dd99ce94d04136151a09ee,"Gitcoin Grants, Axie scholarships, First Mint Fund",12:21.4
45,Is This Public ,0x9d0F22bB137F446892c5cDf2bc129e7e8362bEfc,"[{'value': 0.05, 'hash': '0x65049342de2349eb86fd1e6cfa0aca95189112570f671681f8cde9dfc733314d', 'from': '0x865c2f85c9fea1c6ac7f53de07554d68cb92ed88', 'to': '0x9d0f22bb137f446892c5cdf2bc129e7e8362befc', 'asset': 'ETH', 'category': 'external'}, {'value': 0.0025, 'hash': '0x668a3b5962796a05f9ef8412a50e6dadab59c15d5d183f226943f7c6ff2634ef', 'from': '0x2c66458182351936243ea178c0cd237e37272831', 'to': '0x9d0f22bb137f446892c5cdf2bc129e7e8362befc', 'asset': 'ETH', 'category': 'external'}]",0x03942174b8e362d168e5c26d9b4339ab36d970b0,Is This Public ,01:34.4
46,"Infinite Garden, Carbonfund, and Gitcoin Split",0x6D91DDFBd96FBfC0279601F32B4AF360EbA3f0Ae,"[{'value': 750, 'hash': '0x1ea17e02e17bb12a6008bc5505c68a0a188aefb2b9e0b5434991ee8e43a61c3f', 'from': '0x60e3fb18828a348e5bbb66fa06371933370c0209', 'to': '0x6d91ddfbd96fbfc0279601f32b4af360eba3f0ae', 'asset': 'ETH', 'category': 'internal'}]",0x942cbea64876ff0b2e23c0712b37dc0091804e9c,"Infinite Garden, Carbonfund, and Gitcoin Split",58:09.5
47,Carbonfund and Gitcoin Split,0xE145D237d85011caF6B3a02a84406Ae818A975a5,"[{'value': 286.9827280808, 'hash': '0x1ea17e02e17bb12a6008bc5505c68a0a188aefb2b9e0b5434991ee8e43a61c3f', 'from': '0x60e3fb18828a348e5bbb66fa06371933370c0209', 'to': '0xe145d237d85011caf6b3a02a84406ae818a975a5', 'asset': 'ETH', 'category': 'internal'}]",0x942cbea64876ff0b2e23c0712b37dc0091804e9c,Carbonfund and Gitcoin Split,58:09.5
48,Test Below Split,0xaC484Da38306E7010D36Dd9BB4533308d347C525,"[{'value': 0.02, 'hash': '0x9d55e0092d02ea496bcfb55bda4e7280d4e52abb5a543f867d83b93f52022bac', 'from': '0x9425f909ccdd516832c7b27c28c8ed427a5418f0', 'to': '0xac484da38306e7010d36dd9bb4533308d347c525', 'asset': 'ETH', 'category': 'internal'}]",0x942cbea64876ff0b2e23c0712b37dc0091804e9c,Test Below Split,58:09.5
49,Test Split 2,0x941A3147CE69aD72c538a9DA4a54Bca4E6C48846,[],0x942cbea64876ff0b2e23c0712b37dc0091804e9c,Test Split 2,58:09.5
50,Seed Round NFT ,0x3534391016FABC466A186FcA455168ecd402aAD0,"[{'value': 3.2, 'hash': '0xf83bd1c6246d7a0ac7c48fa301bae207f7619f55178e40eda66cde3b19ae716a', 'from': '0xf282f6f86d7ea7fafe85c6d2e9bfd37643224db9', 'to': '0x3534391016fabc466a186fca455168ecd402aad0', 'asset': 'ETH', 'category': 'internal'}]",0x42dfaf5266ad40ab4533f9806f5cc1df4c1eb363,Seed Round NFT ,35:34.0
51,Portal Tickets - Visual Team,0xb6791e409A90843bA2c1e939C22aAB5C02c656C9,"[{'value': 4.1, 'hash': '0xf56c2e2f78b6a55ee0b2da9e91898090291e332d1904cd196a655f4b0a26eeb7', 'from': '0xf1b20cbc3ccb8e24a6d2326a0cbd12290418d5ce', 'to': '0xb6791e409a90843ba2c1e939c22aab5c02c656c9', 'asset': 'ETH', 'category': 'internal'}, {'value': 0.005, 'hash': '0x4ddfd8c6d0ea6934d37b3ef24c9ab51d3f952cfce9d87a9ae3559b76fee2b97a', 'from': '0xecd8bba75f11406b2c46b021f13a5b451cfc1591', 'to': '0xb6791e409a90843ba2c1e939c22aab5c02c656c9', 'asset': 'ETH', 'category': 'external'}]",0xfc4852b5e3af65058cdfe1d1dce26946c0c1975f,Portal Tickets - Visual Team,19:57.2
52,Social Token Refresh,0x23545b1B8DC8Dd30C7bCC16e9214540Fa37BFB18,"[{'value': 0.05, 'hash': '0x4eec51e34b23b43def607cbde8907856487941683599485a1caf8c2722ac421c', 'from': '0xcca768585e1fa2871ddfb789ffa95c6288162fc7', 'to': '0x23545b1b8dc8dd30c7bcc16e9214540fa37bfb18', 'asset': 'ETH', 'category': 'external'}, {'value': 0.01, 'hash': '0x5cb7a346c90326cafe5ae8e1ad4117673b1573928cb2711bfcb46f13267cecdf', 'from': '0x11b4e83bc3e9605f03e2a4c34bd09567be5aebbe', 'to': '0x23545b1b8dc8dd30c7bcc16e9214540fa37bfb18', 'asset': 'ETH', 'category': 'external'}, {'value': 0.03, 'hash': '0x7790a25fa8afb4c3515194cdddc034275c689d4cd50be7575ad605aad2b753e8', 'from': '0xb7c135af34b414ab6e8898ac059729fb1ca154d1', 'to': '0x23545b1b8dc8dd30c7bcc16e9214540fa37bfb18', 'asset': 'ETH', 'category': 'external'}]",0x46301f7e700be9cffce3e5e142a2244df3f2d4f2,Social Token Refresh,59:45.7
53,Historian Split (12839198),0x7Aec7e5937A1b2fEc912Df5B9fcf81154B1E699e,[],0x9428ca8b5fe52c33bd0bd7222d719d788b6467f4,Historian Split (12839198),40:59.0
54,DAO-0xL,0x884697e3bD8375B4fCcDF32Dae19D24ed5DeF666,[],0xbe34fd2800b94429f7e9ae3f0b08b43a450ac80a,DAO-0xL,36:14.1
55,EIP-1559 Contributor Set,0x2510C039cc3b061D79e564b38836dA87e31b342f,[],0xc57c5ae582708e619ec1ba7513480b2e7540935f,EIP-1559 Contributor Set,16:01.7
56,MatthewDavid + Jesse Jamboree + GENRE DAO,0x24b3541374a3A2e78bB81827979aA0430C9e8632,[],0xe3309dd02f1f7254b8cbe478ac7b5519802e151c,MatthewDavid + Jesse Jamboree + GENRE DAO,21:10.3
57,JESSE+MD+GENREDAO,0xCA157355e42B5037969cB925EADd9fC43D8C2a54,[],0xe3309dd02f1f7254b8cbe478ac7b5519802e151c,JESSE+MD+GENREDAO,21:10.3
58,How creator DAOs redefine the way we work,0x9A32cBfc3B64bCFfFf20eBEFC0b0d43BcB092990,[],,,
